banking_crisis,bear_market,bull_market,business_confidence,consumer_confidence,debt_crisis,economic_growth,economic_recession,economic_recovery,financial_crisis,inflation,job_creation,job_losses,low_unemployment,recession,stock_market_crash,stock_market_optimism,stock_market_rally,strong_economy,unemployement,Date,SP500,SP500_return_w,SP500_vol_w_4,VIX,VIX_change_w
60,3,14,47,34,52,70,29,24,42,71,40,28,14,6,5,0,0,44,5,2015-11-06 23:59:59.999999999,2099.199951171875,0.009496090787713,0.007618591410694,14.329999923706056,-0.0503507558718454
47,4,14,38,28,66,65,31,20,48,78,63,25,17,7,5,0,21,44,6,2015-11-13 23:59:59.999999999,2023.0400390625,-0.0369549465934099,0.0249845054700214,20.07999992370605,0.3373690545080202
49,3,15,64,28,62,65,31,25,45,76,43,15,18,7,6,0,0,36,6,2015-11-20 23:59:59.999999999,2089.169921875,0.03216547060433,0.0287705551175634,15.470000267028809,-0.2608216091779809
46,2,8,34,26,46,39,17,16,33,62,33,15,9,4,3,0,0,24,5,2015-11-27 23:59:59.999999999,2090.110107421875,0.0004499270477905,0.0287750833799147,15.119999885559082,-0.022884318663505
71,3,14,61,26,65,69,27,28,48,80,46,14,16,8,6,0,0,41,6,2015-12-04 23:59:59.999999999,2091.68994140625,0.000755576087373,0.0282715858011628,14.8100004196167,-0.0207157065695005
53,3,14,38,25,61,71,32,27,56,85,55,19,20,8,6,0,0,42,6,2015-12-11 23:59:59.999999999,2012.3699951171875,-0.0386591941289057,0.0289996137948124,24.38999938964844,0.4988705305901217
49,4,14,30,26,56,56,26,26,45,81,41,14,16,7,6,0,0,43,6,2015-12-18 23:59:59.999999999,2005.550048828125,-0.0033947678222293,0.0190585232195062,20.700000762939453,-0.1640394500748631
0,3,9,0,8,28,19,6,13,28,59,25,0,5,3,3,0,27,0,4,2015-12-25 23:59:59.999999999,2060.989990234375,0.0272680834424157,0.0270860644526603,15.739999771118164,-0.2739285086804567
22,3,8,0,16,19,16,4,0,35,53,19,13,5,3,2,0,0,14,4,2016-01-01 23:59:59.999999999,2043.93994140625,-0.0083071561085295,0.0269894602548163,18.209999084472656,0.1457656150155949
41,6,17,0,20,30,39,14,19,43,60,35,19,9,6,15,100,22,33,6,2016-01-08 23:59:59.999999999,1922.030029296875,-0.0614973546262648,0.036871794191339,27.01000022888184,0.3942363328150514
52,9,22,42,17,34,52,22,20,44,59,53,22,14,8,16,0,0,47,6,2016-01-15 23:59:59.999999999,1880.3299560546875,-0.0219346644280901,0.0366809711336738,27.020000457763672,0.0003701731952226
40,10,19,55,30,47,53,22,21,48,61,41,27,13,9,13,0,0,67,6,2016-01-22 23:59:59.999999999,1906.9000244140625,0.014031629679692,0.031724511803049,22.34000015258789,-0.1901985490024039
53,5,18,48,37,42,62,24,26,43,66,40,25,14,8,7,0,0,52,7,2016-01-29 23:59:59.999999999,1940.239990234375,0.0173327720691659,0.0368899559758626,20.200000762939453,-0.1006961582948711
63,5,17,53,24,51,73,25,28,46,70,68,38,14,8,7,0,0,65,6,2016-02-05 23:59:59.999999999,1880.050048828125,-0.0315132735260274,0.0248301355086688,23.3799991607666,0.1461982779721285
72,7,18,36,25,46,71,28,29,48,73,49,24,15,10,9,0,0,59,5,2016-02-12 23:59:59.999999999,1864.780029296875,-0.0081552988227887,0.0226544117406637,25.399999618530277,0.0828682388574307
56,4,17,58,25,52,68,25,24,45,69,44,21,13,7,6,0,0,55,6,2016-02-19 23:59:59.999999999,1917.780029296875,0.0280251829615897,0.0266916897555653,20.530000686645508,-0.2128618945291985
62,4,15,41,37,52,79,30,33,44,81,57,23,12,8,7,0,0,53,6,2016-02-26 23:59:59.999999999,1948.050048828125,0.0156606149638058,0.0263706056241735,19.809999465942383,-0.0357004307253312
57,4,14,52,19,55,75,29,33,48,76,54,31,18,8,8,0,17,58,6,2016-03-04 23:59:59.999999999,1999.989990234375,0.0263132783574074,0.0166673338724544,16.860000610351562,-0.1612428449765989
62,4,22,50,20,58,69,26,35,45,70,61,28,13,7,7,0,17,49,5,2016-03-11 23:59:59.999999999,2022.18994140625,0.0110388779136459,0.0082284806109735,16.5,-0.0215836078683341
46,3,15,46,25,45,65,22,30,43,64,36,29,12,6,7,0,0,49,5,2016-03-18 23:59:59.999999999,2049.580078125,0.0134538786504724,0.0067343217562024,14.020000457763672,-0.1628754666493302
65,3,13,50,26,48,62,25,26,49,64,53,20,10,6,7,0,0,39,6,2016-03-25 23:59:59.999999999,2035.93994140625,-0.0066773323025237,0.0135769837374097,14.739999771118164,0.0500799569760456
57,3,12,79,38,54,63,21,30,51,75,53,25,13,7,5,0,0,35,5,2016-04-01 23:59:59.999999999,2072.780029296875,0.0179331156428548,0.010794405238322,13.100000381469728,-0.1179526119063185
55,3,13,63,23,59,72,35,38,52,80,63,22,13,9,7,0,0,54,5,2016-04-08 23:59:59.999999999,2047.5999755859373,-0.0122223518910244,0.0148053246215225,15.359999656677246,0.1591544460408522
95,3,14,46,31,67,78,34,41,56,80,43,26,14,8,7,0,0,51,6,2016-04-15 23:59:59.999999999,2080.72998046875,0.0160504206143304,0.0154521265280204,13.619999885559082,-0.1202274130488347
63,3,14,68,21,71,73,35,39,58,80,53,18,16,8,6,0,0,57,5,2016-04-22 23:59:59.999999999,2091.580078125,0.0052010142881477,0.0138312331923304,13.220000267028809,-0.0298084376965585
68,3,15,48,27,80,80,41,46,52,81,50,24,19,9,6,0,0,51,5,2016-04-29 23:59:59.999999999,2065.300048828125,-0.0126442806268981,0.0140316648619297,15.699999809265137,0.171929845583154
43,3,16,52,31,88,77,33,48,50,81,50,17,21,8,6,0,0,64,6,2016-05-06 23:59:59.999999999,2057.139892578125,-0.003958901535866,0.012312807993871,14.720000267028809,-0.0644535687642708
53,3,12,53,27,70,68,27,37,43,71,53,18,13,8,5,0,0,37,5,2016-05-13 23:59:59.999999999,2046.6099853515625,-0.0051318577639383,0.0073165052386857,15.039999961853027,0.0215061845440518
41,3,13,38,21,57,54,28,32,42,64,43,16,16,7,5,0,0,52,4,2016-05-20 23:59:59.999999999,2052.320068359375,0.0027861352239352,0.0063214977175544,15.199999809265137,0.0105820993185584
33,3,10,35,15,49,41,16,26,36,62,34,11,12,6,5,0,0,41,4,2016-05-27 23:59:59.999999999,2099.06005859375,0.0225187595069829,0.0127950693335979,13.119999885559082,-0.1471576405105723
37,2,9,0,25,36,37,17,18,27,52,50,14,11,5,3,0,0,28,4,2016-06-03 23:59:59.999999999,2099.1298828125,3.326396362768842e-05,0.0120984916483472,13.470000267028809,0.0263272354529255
21,2,9,0,26,42,39,20,17,32,50,50,17,10,6,4,0,0,30,6,2016-06-10 23:59:59.999999999,2096.070068359375,-0.0014587218875439,0.011171827360239,17.030000686645508,0.2345115247481183
19,2,9,35,17,32,33,11,17,27,48,28,0,9,4,3,0,0,31,4,2016-06-17 23:59:59.999999999,2071.219970703125,-0.0119264039590548,0.0144966043627704,19.40999984741211,0.13081185432526
33,3,8,23,17,37,33,16,13,32,46,31,13,10,6,14,0,0,21,5,2016-06-24 23:59:59.999999999,2037.4100341796875,-0.0164583813475706,0.0080225464296377,25.76000022888184,0.2830345208017013
27,3,10,29,22,41,31,14,12,28,49,30,16,11,5,6,0,16,27,4,2016-07-01 23:59:59.999999999,2102.949951171875,0.0316616875061371,0.0217323208481928,14.770000457763672,-0.5562247825852283
42,3,8,26,15,34,25,9,14,25,47,42,13,7,4,3,0,0,0,4,2016-07-08 23:59:59.999999999,2129.89990234375,0.0127338867519367,0.0224621564326319,13.199999809265137,-0.1123813123933748
56,3,12,34,18,28,29,10,13,31,47,37,15,10,4,3,0,22,18,5,2016-07-15 23:59:59.999999999,2161.739990234375,0.0148384640361515,0.0199852733471188,12.670000076293944,-0.0409798147880449
39,2,10,29,14,31,34,12,14,31,46,40,19,8,4,2,0,0,19,5,2016-07-22 23:59:59.999999999,2175.030029296875,0.0061290225702025,0.0108670270202098,12.020000457763672,-0.0526650331641083
36,2,9,29,24,27,36,14,13,29,48,41,11,9,5,2,0,0,23,5,2016-07-29 23:59:59.999999999,2173.60009765625,-0.0006576469602687,0.0070085029401643,11.869999885559082,-0.0125577682101736
47,3,7,30,12,28,36,11,17,26,49,48,14,10,4,2,0,0,30,4,2016-08-05 23:59:59.999999999,2182.8701171875,0.0042557543447815,0.0064658532603893,11.390000343322754,-0.0412783913788251
33,2,9,45,17,27,29,9,8,22,46,35,17,0,4,2,0,0,12,4,2016-08-12 23:59:59.999999999,2184.050048828125,0.0005403953470558,0.0031646679872734,11.550000190734863,0.0139496458800812
20,3,9,0,10,20,27,9,11,21,45,33,13,8,3,2,0,0,22,5,2016-08-19 23:59:59.999999999,2183.8701171875,-8.238778818661723e-05,0.0022158326003073,11.34000015258789,-0.0183491417263151
21,3,8,29,10,18,33,12,13,23,46,23,11,5,4,3,0,0,23,3,2016-08-26 23:59:59.999999999,2169.0400390625,-0.0068138945999919,0.0046092942412089,13.649999618530272,0.18540318192914
33,2,8,52,29,24,46,13,11,28,49,37,14,8,5,3,0,0,36,5,2016-09-02 23:59:59.999999999,2179.97998046875,0.0050310021256121,0.0048853565846188,11.979999542236328,-0.1305009392078228
30,3,10,53,11,26,48,18,12,29,54,47,13,6,5,3,0,0,28,5,2016-09-09 23:59:59.999999999,2127.81005859375,-0.0242223841715947,0.0127583863374164,17.5,0.3789623264528229
24,2,10,46,22,36,67,20,19,30,55,46,12,13,6,3,0,0,46,5,2016-09-16 23:59:59.999999999,2139.159912109375,0.0053198782092784,0.0139019628590638,15.369999885559082,-0.129783330824697
46,2,8,52,17,32,61,19,21,35,64,34,15,11,6,3,0,0,40,5,2016-09-23 23:59:59.999999999,2164.68994140625,0.0118639495419685,0.0161253600650092,12.289999961853027,-0.2236316296307313
59,3,8,43,37,32,65,24,21,37,67,76,25,8,7,4,0,0,46,5,2016-09-30 23:59:59.999999999,2168.27001953125,0.0016524865089707,0.0158246281919673,13.289999961853027,0.0782259493807622
59,2,10,56,22,35,63,22,20,34,65,55,20,13,6,3,0,0,41,4,2016-10-07 23:59:59.999999999,2153.739990234375,-0.0067237623257017,0.0077527546884789,13.479999542236328,0.0141952016706287
45,2,9,44,20,43,64,22,20,33,65,51,25,13,7,4,0,0,38,4,2016-10-14 23:59:59.999999999,2132.97998046875,-0.0096858074271456,0.0096680797829886,16.1200008392334,0.1788537176146749
54,2,9,55,21,47,71,24,23,37,68,51,14,13,7,4,0,0,38,5,2016-10-21 23:59:59.999999999,2141.159912109375,0.0038276433776732,0.0064946708120327,13.34000015258789,-0.1892937372142558
57,2,10,58,34,37,66,28,19,37,67,53,17,14,7,4,0,0,49,5,2016-10-28 23:59:59.999999999,2126.409912109375,-0.0069126267841001,0.0059567806599212,16.190000534057617,0.1936267487505747
42,3,10,68,29,47,74,22,22,35,71,57,19,12,7,5,0,16,45,5,2016-11-04 23:59:59.999999999,2085.179931640625,-0.0195799207406899,0.009626028772207,22.51000022888184,0.3295658644102226
39,3,12,62,20,42,70,28,25,43,70,87,29,15,11,37,0,72,53,5,2016-11-11 23:59:59.999999999,2164.449951171875,0.0373111153745763,0.0243878385933078,14.170000076293944,-0.4628326059998707
38,3,15,85,25,47,66,30,29,41,83,59,23,19,8,5,0,23,60,5,2016-11-18 23:59:59.999999999,2181.89990234375,0.0080297470381797,0.0244876780560556,12.850000381469728,-0.0977832180591886
46,2,12,39,17,40,41,19,20,30,58,48,13,9,5,4,0,34,26,4,2016-11-25 23:59:59.999999999,2213.35009765625,0.0143112369447994,0.0234046725556992,12.34000015258789,-0.0404978101850395
73,3,15,65,38,55,76,27,26,48,78,68,23,20,8,5,0,0,64,5,2016-12-02 23:59:59.999999999,2191.949951171875,-0.0097157127033087,0.0194284333404671,14.119999885559082,0.1347461931176662
100,3,15,62,33,57,86,33,31,57,87,67,24,21,8,6,0,54,67,5,2016-12-09 23:59:59.999999999,2259.530029296875,0.0303653036901823,0.0165699295699363,11.75,-0.1837389833700471
63,3,15,49,24,44,71,21,29,40,79,45,20,19,7,5,0,32,57,5,2016-12-16 23:59:59.999999999,2258.070068359375,-0.0006463436146477,0.0175812878368146,12.199999809265137,0.0375826955150376
29,3,10,38,16,27,37,11,16,23,50,25,14,6,4,3,0,17,28,5,2016-12-23 23:59:59.999999999,2263.7900390625,0.0025299207043691,0.0172851485817238,11.4399995803833,-0.0643199868333358
0,2,6,22,100,12,18,6,7,17,47,24,14,8,3,3,0,0,16,4,2016-12-30 23:59:59.999999999,2238.830078125,-0.0110869742339454,0.017699664333303,14.039999961853027,0.2047944466087744
38,3,12,42,21,26,34,13,12,20,53,59,16,6,4,4,0,0,37,5,2017-01-06 23:59:59.999999999,2276.97998046875,0.0168965521018043,0.0115533050268658,11.31999969482422,-0.2153393500645989
30,3,15,51,23,34,51,16,21,28,64,69,14,11,5,5,0,17,46,6,2017-01-13 23:59:59.999999999,2274.639892578125,-0.0010282440810405,0.0115831579559148,11.229999542236328,-0.0079823178282651
46,2,13,49,25,30,60,21,22,32,65,66,17,13,6,5,0,20,42,6,2017-01-20 23:59:59.999999999,2271.31005859375,-0.0014649675494284,0.0116743067624178,11.539999961853027,0.0272305297865432
43,2,15,62,25,33,76,22,24,33,68,72,21,17,7,6,0,17,61,7,2017-01-27 23:59:59.999999999,2294.68994140625,0.0102409492538567,0.0089766117651247,10.579999923706056,-0.0868538385553179
44,3,12,81,41,33,70,23,17,41,71,66,19,10,6,9,0,0,58,7,2017-02-03 23:59:59.999999999,2297.419921875,0.0011889875772318,0.0054628406701429,10.970000267028809,0.0361988794098659
43,3,14,63,25,35,69,21,25,39,76,55,19,10,6,6,0,17,78,6,2017-02-10 23:59:59.999999999,2316.10009765625,0.0080980586567157,0.0055511912364743,10.850000381469728,-0.0109991834839032
33,3,14,44,27,37,73,25,23,39,77,54,17,12,6,7,0,28,49,5,2017-02-17 23:59:59.999999999,2351.159912109375,0.0150240071711055,0.0057483289348176,11.489999771118164,0.0573119567956058
44,3,14,60,30,44,76,24,22,38,78,42,23,9,6,6,0,33,58,6,2017-02-24 23:59:59.999999999,2367.340087890625,0.0068582130765558,0.0056823507546583,11.470000267028809,-0.0017421175186664
49,3,15,65,43,39,79,29,24,39,83,59,24,20,7,8,0,32,65,6,2017-03-03 23:59:59.999999999,2383.1201171875,0.0066436036326937,0.0039642026644512,10.960000038146973,-0.0454826694214749
51,4,22,68,44,40,77,31,30,37,74,81,29,16,7,7,0,14,64,5,2017-03-10 23:59:59.999999999,2372.60009765625,-0.0044241613110946,0.0079842347987596,11.65999984741211,0.0619118828354734
39,3,17,45,28,42,59,23,25,31,71,55,16,12,6,7,0,0,49,4,2017-03-17 23:59:59.999999999,2378.25,0.00237848169955,0.0052786413982232,11.279999732971191,-0.0331329454387603
53,3,15,72,29,41,68,30,29,38,73,40,14,16,7,7,0,15,46,5,2017-03-24 23:59:59.999999999,2343.97998046875,-0.0145145921817883,0.0092277869698281,12.960000038146973,0.1388364714704219
47,3,16,100,78,37,69,28,35,48,77,55,16,19,7,7,0,0,48,4,2017-03-31 23:59:59.999999999,2362.719970703125,0.0079631544210467,0.0096753636669038,12.369999885559082,-0.0465935167146602
53,3,13,84,39,46,71,31,27,43,72,49,21,19,7,7,0,0,55,5,2017-04-07 23:59:59.999999999,2355.5400390625,-0.003043468214084,0.009591417929102,12.869999885559082,0.0396248355630595
56,3,13,96,37,46,65,24,29,42,75,40,13,17,6,5,0,0,56,6,2017-04-14 23:59:59.999999999,2328.949951171875,-0.0113525158649662,0.010042060036632,15.960000038146973,0.2151865816958568
65,3,14,59,28,49,72,34,31,46,79,54,18,22,7,5,0,0,55,5,2017-04-21 23:59:59.999999999,2348.68994140625,0.0084401997042637,0.0095181183537868,14.630000114440918,-0.0870113715574453
73,3,14,79,44,53,100,38,51,55,90,64,25,19,8,7,0,0,59,6,2017-04-28 23:59:59.999999999,2384.199951171875,0.0150059168529848,0.0117484836243202,10.81999969482422,-0.3016779776408293
58,3,14,80,41,63,83,33,33,46,81,75,13,20,7,6,0,0,56,5,2017-05-05 23:59:59.999999999,2399.2900390625,0.0063092587122258,0.0112610621915094,10.56999969482422,-0.0233764742032844
59,3,13,63,30,46,68,32,31,39,79,47,16,19,7,6,0,0,58,4,2017-05-12 23:59:59.999999999,2390.89990234375,-0.0035030532823366,0.007663692256655,10.399999618530272,-0.0162140015427199
36,3,13,25,26,38,46,21,26,31,60,40,14,17,6,7,0,0,45,4,2017-05-19 23:59:59.999999999,2381.72998046875,-0.0038427170696693,0.0090043706493056,12.039999961853027,0.1464286672447769
21,3,11,34,22,39,48,19,25,27,55,49,15,12,5,4,0,0,28,4,2017-05-26 23:59:59.999999999,2415.820068359375,0.0142116961002456,0.0086683434966573,9.8100004196167,-0.2048321203606678
28,2,10,37,22,28,37,15,16,27,56,50,22,12,4,4,0,0,33,4,2017-06-02 23:59:59.999999999,2439.070068359375,0.0095780448534083,0.0091860050030665,9.75,-0.0061350313418981
28,3,9,31,16,29,37,16,18,27,50,31,0,11,5,4,0,0,32,4,2017-06-09 23:59:59.999999999,2431.77001953125,-0.0029974518408077,0.0090487649831973,10.699999809265137,0.0929764386324163
23,2,10,40,20,26,35,12,13,26,54,37,13,9,4,3,0,0,21,5,2017-06-16 23:59:59.999999999,2433.14990234375,0.0005672787514136,0.0079364136976853,10.380000114440918,-0.030362834879293
23,4,9,31,22,26,32,11,14,31,49,33,19,9,4,3,0,0,22,4,2017-06-23 23:59:59.999999999,2438.300048828125,0.0021144211496616,0.0052936668207434,10.020000457763672,-0.0352977474211642
22,3,9,47,27,36,30,10,11,33,47,21,9,10,4,3,0,0,22,5,2017-06-30 23:59:59.999999999,2423.409912109375,-0.0061254922226571,0.0036935325411613,11.18000030517578,0.1095433536818194
27,4,12,32,16,25,29,10,11,27,49,40,16,13,4,3,0,0,13,4,2017-07-07 23:59:59.999999999,2425.179931640625,0.0007301172781857,0.0036971295229943,11.1899995803833,0.0008939898010407
25,3,9,23,14,24,30,11,11,27,47,35,12,9,4,2,0,0,21,4,2017-07-14 23:59:59.999999999,2459.27001953125,0.0139588456287342,0.0083440703654442,9.510000228881836,-0.1626765841997856
15,2,10,42,19,20,29,11,15,25,49,36,12,8,4,3,0,0,17,4,2017-07-21 23:59:59.999999999,2472.5400390625,0.0053814122596416,0.0084310686417359,9.359999656677246,-0.0158986468150707
0,3,10,42,27,27,28,12,11,25,49,43,15,9,4,3,0,20,19,5,2017-07-28 23:59:59.999999999,2472.10009765625,-0.000177946784901,0.0064664912887732,10.289999961853027,0.0947272923290509
23,3,11,31,30,32,34,11,11,23,47,57,13,16,4,3,0,0,35,4,2017-08-04 23:59:59.999999999,2476.830078125,0.0019115169303198,0.0062307831029686,10.029999732971191,-0.0255919707879374
31,3,9,34,18,20,24,7,10,27,47,73,0,12,3,4,0,0,16,3,2017-08-11 23:59:59.999999999,2441.320068359375,-0.0144406436515716,0.0087132278909405,15.510000228881836,0.4359044165946646
21,3,10,33,15,18,26,6,10,21,41,71,10,10,3,4,0,0,0,4,2017-08-18 23:59:59.999999999,2425.550048828125,-0.0064805817060451,0.0073524182465818,14.260000228881836,-0.0840265609087273
0,3,8,31,18,25,33,12,10,20,43,57,0,7,4,3,0,0,19,4,2017-08-25 23:59:59.999999999,2443.050048828125,0.0071889557643515,0.0095032023005839,11.279999732971191,-0.2344272086396235
14,3,9,41,23,22,44,12,7,26,48,55,9,11,4,3,0,0,29,4,2017-09-01 23:59:59.999999999,2476.550048828125,0.0136192036504155,0.0127500421619804,10.130000114440918,-0.107529892839326
14,2,10,41,19,29,53,15,12,23,50,36,9,14,4,3,0,0,47,4,2017-09-08 23:59:59.999999999,2461.429931640625,-0.0061240282473121,0.0099973479539067,12.119999885559082,0.1793556416410285
16,2,10,41,20,33,56,15,14,27,58,37,0,6,5,3,0,0,43,4,2017-09-15 23:59:59.999999999,2500.22998046875,0.0156402657354442,0.0098216286059787,10.170000076293944,-0.1754147536365169
27,3,13,57,16,51,64,20,15,33,65,43,12,11,5,3,0,0,45,4,2017-09-22 23:59:59.999999999,2502.219970703125,0.0007956062964223,0.0104093479441299,9.59000015258789,-0.0587213127558386
20,3,12,42,32,68,70,24,26,34,71,43,13,14,6,4,0,0,41,4,2017-09-29 23:59:59.999999999,2519.360107421875,0.0068266175254656,0.0092362621669216,9.510000228881836,-0.0083770041817034
25,3,11,42,25,62,65,18,19,30,68,44,27,12,5,4,0,0,42,5,2017-10-06 23:59:59.999999999,2549.330078125,0.0118256665415398,0.0064266456528062,9.649999618530272,0.0146139751955628
37,3,11,50,28,41,75,24,17,35,72,44,27,14,5,4,0,15,36,5,2017-10-13 23:59:59.999999999,2553.169921875,0.0015050835766228,0.0051507469590698,9.609999656677246,-0.0041536885637244
43,3,15,67,35,40,74,27,22,35,75,44,8,15,6,8,0,17,49,4,2017-10-20 23:59:59.999999999,2575.2099609375,0.0085953752491101,0.0043172055881993,9.970000267028809,0.0367764235003493
40,3,12,45,21,44,74,24,19,34,74,43,16,18,6,6,0,0,45,4,2017-10-27 23:59:59.999999999,2581.070068359375,0.0022729991046303,0.004991968884295,9.800000190734863,-0.01719820561771
47,3,14,67,40,51,76,26,20,36,76,47,14,16,6,5,0,0,42,5,2017-11-03 23:59:59.999999999,2587.840087890625,0.0026195167638237,0.0032648033481412,9.140000343322754,-0.0697219821105447
40,3,15,71,31,43,73,30,20,34,74,48,15,22,6,6,0,0,61,5,2017-11-10 23:59:59.999999999,2582.300048828125,-0.002143091303669,0.0044092927743626,11.289999961853027,0.2112569517540198
57,3,14,64,28,43,72,28,20,41,78,46,14,17,7,6,0,0,62,5,2017-11-17 23:59:59.999999999,2578.85009765625,-0.0013368925870375,0.0024433381184831,11.43000030517578,0.0123241297235201
16,3,11,41,20,29,41,16,13,27,61,34,12,12,4,4,0,0,31,3,2017-11-24 23:59:59.999999999,2602.419921875,0.0090981503434451,0.0051333378900059,9.670000076293944,-0.1672131871513028
56,4,18,65,56,41,83,31,23,42,82,46,18,23,8,8,0,19,70,5,2017-12-01 23:59:59.999999999,2642.219970703125,0.0151777104542054,0.0083944869278705,11.43000030517578,0.1672131871513028
72,3,18,62,25,43,82,32,31,45,82,71,11,25,8,8,0,17,64,5,2017-12-08 23:59:59.999999999,2651.5,0.0035060557998552,0.0071270405180092,9.579999923706056,-0.1765639204873705
59,4,18,54,30,44,78,28,22,38,84,46,15,21,7,7,0,0,74,5,2017-12-15 23:59:59.999999999,2675.81005859375,0.0091266425530152,0.0047667889689655,9.420000076293944,-0.0168424873314751
29,4,16,36,20,23,52,14,13,28,65,47,0,14,5,5,0,0,37,4,2017-12-22 23:59:59.999999999,2683.340087890625,0.002810159837451,0.0057574044637428,9.899999618530272,0.0496996219208313
16,3,12,0,18,19,22,7,7,15,52,29,0,8,3,3,0,0,13,3,2017-12-29 23:59:59.999999999,2673.610107421875,-0.003632660679645,0.005222102455824,11.039999961853027,0.1089903187853596
18,3,15,29,20,26,31,11,9,20,51,72,11,17,4,4,0,0,26,5,2018-01-05 23:59:59.999999999,2743.14990234375,0.0256772002062463,0.0125833823887758,9.220000267028809,-0.1801499708631957
20,4,21,45,27,27,52,15,17,25,63,72,15,19,5,7,0,15,39,6,2018-01-12 23:59:59.999999999,2786.239990234375,0.0155861536410508,0.0130954746602845,10.15999984741211,0.0970833606014306
24,5,20,47,20,31,58,20,17,27,62,58,12,20,5,7,0,16,48,5,2018-01-19 23:59:59.999999999,2810.300048828125,0.0085982434344158,0.0123165764275292,11.270000457763672,0.1036859415377361
29,4,21,57,29,29,77,22,21,30,74,73,19,14,6,8,0,16,61,7,2018-01-26 23:59:59.999999999,2872.8701171875,0.0220203143081206,0.0075126232588408,11.079999923706056,-0.017002694236176
39,5,21,51,32,29,82,22,19,31,82,100,25,48,7,15,0,0,54,6,2018-02-02 23:59:59.999999999,2762.1298828125,-0.0393094921002275,0.0278992375920011,17.309999465942383,0.4461426639021661
34,11,27,46,24,37,69,29,21,35,100,53,20,20,8,100,0,34,56,6,2018-02-09 23:59:59.999999999,2619.550048828125,-0.0529995128594741,0.0363390549567168,29.059999465942383,0.518078301428811
32,5,18,55,26,39,69,25,21,31,99,48,20,15,7,9,0,0,55,5,2018-02-16 23:59:59.999999999,2732.219970703125,0.0421118888940577,0.0462385370358701,19.459999084472656,-0.4010016100531479
52,4,13,73,16,31,65,28,18,30,78,42,13,18,6,7,0,0,53,5,2018-02-23 23:59:59.999999999,2747.300048828125,0.0055041741405507,0.0434301235213319,16.489999771118164,-0.165606907019763
52,4,15,57,31,35,79,29,22,33,84,35,14,16,7,9,0,0,59,5,2018-03-02 23:59:59.999999999,2691.25,-0.020612859274174,0.0402847921193603,19.59000015258789,0.1722651170540509
48,4,20,43,24,27,74,35,26,35,79,54,16,18,7,7,0,0,72,4,2018-03-09 23:59:59.999999999,2786.570068359375,0.0348057036668992,0.0287804843314568,14.640000343322754,-0.2912617077613467
54,3,14,34,25,31,62,24,23,32,71,39,14,17,6,7,0,0,46,4,2018-03-16 23:59:59.999999999,2752.010009765625,-0.0124799160293667,0.024558430800416,15.800000190734863,0.0762524201205749
51,5,16,67,24,30,64,23,24,31,77,49,11,17,7,9,0,0,53,3,2018-03-23 23:59:59.999999999,2588.260009765625,-0.0613457182898889,0.0394392149313426,24.8700008392334,0.4536523394553738
42,7,16,76,30,44,59,25,17,30,83,44,12,16,6,7,0,0,54,4,2018-03-30 23:59:59.999999999,2640.8701171875,0.0201226136550944,0.0426072172964428,19.96999931335449,-0.2194311785162496
52,5,14,54,27,39,63,27,30,36,73,45,0,17,7,7,0,0,50,4,2018-04-06 23:59:59.999999999,2604.469970703125,-0.0138792643367217,0.0335398156621752,21.489999771118164,0.0733565869599263
41,4,14,68,24,41,70,30,31,37,82,37,18,21,7,7,0,0,51,5,2018-04-13 23:59:59.999999999,2656.300048828125,0.019705007062396,0.0384529786758709,17.40999984741211,-0.2105429549880827
46,3,14,74,26,44,74,33,40,40,81,46,16,23,8,6,0,0,59,4,2018-04-20 23:59:59.999999999,2670.139892578125,0.0051966698387975,0.0160243884441701,16.8799991607666,-0.0309153055655241
55,4,15,63,29,47,78,35,34,40,84,40,9,27,9,6,0,0,60,5,2018-04-27 23:59:59.999999999,2669.909912109375,-8.613420372609898e-05,0.0138808445021218,15.40999984741211,-0.0911128000200418
45,4,13,59,26,51,83,35,34,42,89,47,16,32,8,6,0,0,61,5,2018-05-04 23:59:59.999999999,2663.419921875,-0.0024337491360252,0.0099328925619872,14.770000457763672,-0.0424185118940604
48,3,13,66,27,39,69,36,32,34,81,58,8,26,7,5,0,0,55,4,2018-05-11 23:59:59.999999999,2727.719970703125,0.0238551027529346,0.0119166070661192,12.649999618530272,-0.1549409425182698
31,3,11,33,22,30,52,25,21,29,72,35,9,21,7,5,0,0,55,5,2018-05-18 23:59:59.999999999,2712.969970703125,-0.0054221197295101,0.0134299314752128,13.420000076293944,0.0590889522108092
29,3,10,54,15,29,48,29,17,28,68,38,12,16,7,4,0,0,44,4,2018-05-25 23:59:59.999999999,2721.330078125,0.0030767951500483,0.0132020376206009,13.220000267028809,-0.0150152826062375
26,3,8,45,22,47,41,17,13,31,59,30,17,24,5,4,0,0,40,4,2018-06-01 23:59:59.999999999,2734.6201171875,0.0048717693059371,0.0123513778236512,13.460000038146973,0.0179914724282898
26,3,9,40,27,36,39,17,12,26,55,33,11,23,6,3,0,0,26,5,2018-06-08 23:59:59.999999999,2779.030029296875,0.0161094270910067,0.0088560694541056,12.18000030517578,-0.0999270397134472
33,3,9,43,27,28,38,16,12,25,59,40,11,18,8,3,0,0,35,5,2018-06-15 23:59:59.999999999,2779.659912109375,0.0002266299512422,0.0069601268324833,11.979999542236328,-0.016556732860588
25,3,9,40,18,20,34,11,9,22,50,30,13,16,6,3,0,0,23,4,2018-06-22 23:59:59.999999999,2754.8798828125,-0.0089547444962517,0.0104235643900592,13.770000457763672,0.1392537915074665
16,5,11,41,23,27,36,13,11,25,52,36,17,14,8,3,0,0,25,3,2018-06-29 23:59:59.999999999,2718.3701171875,-0.0133413628686667,0.013023873778049,16.09000015258789,0.1557056245035786
23,3,9,27,14,25,26,11,7,19,50,35,12,14,6,3,0,0,23,4,2018-07-06 23:59:59.999999999,2759.820068359375,0.0151330058998777,0.0125858383593318,13.369999885559082,-0.1851845879333692
15,5,9,38,20,25,30,14,10,21,56,35,9,18,6,2,0,0,30,4,2018-07-13 23:59:59.999999999,2801.31005859375,0.0149217008490275,0.0152183602914362,12.18000030517578,-0.0932180952170881
18,3,12,21,15,22,35,12,12,24,56,30,12,35,7,2,0,0,30,4,2018-07-20 23:59:59.999999999,2801.830078125,0.0001856171789584,0.0136418195206761,12.859999656677246,0.0543264047752913
20,3,10,44,18,20,59,13,11,23,60,32,12,22,7,3,0,0,41,4,2018-07-27 23:59:59.999999999,2818.820068359375,0.0060455789059447,0.0072819826906912,13.029999732971191,0.0131326785308437
19,4,10,26,19,18,54,11,12,24,58,39,13,19,7,3,0,0,32,5,2018-08-03 23:59:59.999999999,2840.35009765625,0.0076089364837016,0.0060642609689912,11.640000343322754,-0.1128068988449951
13,3,9,44,12,35,29,8,11,29,55,41,0,14,5,3,0,0,22,4,2018-08-10 23:59:59.999999999,2833.280029296875,-0.002492256936292,0.0047783249070854,13.15999984741211,0.1227344425039732
15,4,11,40,17,34,29,8,9,34,56,45,8,17,6,3,0,0,33,4,2018-08-17 23:59:59.999999999,2850.1298828125,0.0059295046969593,0.0045746845943067,12.640000343322754,-0.0403154984220252
19,5,60,31,20,24,37,13,11,24,58,37,9,13,6,4,0,0,41,3,2018-08-24 23:59:59.999999999,2874.68994140625,0.0085802558072619,0.0050526490558171,11.989999771118164,-0.0527934659302927
22,4,17,31,68,34,53,16,11,28,65,46,11,16,6,3,0,0,64,3,2018-08-31 23:59:59.999999999,2901.52001953125,0.0092899223764673,0.0054096277743979,12.859999656677246,0.0700487421624962
0,4,14,41,26,34,59,18,14,35,69,48,13,23,7,4,0,0,49,3,2018-09-07 23:59:59.999999999,2871.679931640625,-0.0103375437817779,0.0092491438809343,14.880000114440918,0.1458963449833428
26,6,13,69,28,90,78,29,27,64,73,52,10,18,8,4,0,0,59,4,2018-09-14 23:59:59.999999999,2904.97998046875,0.01152929831446,0.010146816558599,12.06999969482422,-0.2092950272702539
22,4,15,61,27,56,69,24,18,49,73,35,14,18,8,4,0,0,54,4,2018-09-21 23:59:59.999999999,2929.669921875,0.0084632631575701,0.0101323133845165,11.68000030517578,-0.0328450062974695
33,3,12,43,55,57,67,25,19,41,77,37,15,17,8,4,0,0,57,3,2018-09-28 23:59:59.999999999,2913.97998046875,-0.0053699244039186,0.0105776799019432,12.119999885559082,0.0369789676707042
31,4,11,44,29,40,69,23,14,39,80,36,21,35,8,5,0,0,52,4,2018-10-05 23:59:59.999999999,2885.570068359375,-0.0097973598369942,0.0103851667566158,14.81999969482422,0.2011206280769343
32,6,21,60,30,48,69,26,17,40,81,45,14,31,9,18,0,16,51,4,2018-10-12 23:59:59.999999999,2767.1298828125,-0.0419118381492711,0.0213086672973933,21.309999465942383,0.3631988217733812
22,5,14,53,26,56,68,28,16,39,75,39,16,25,9,6,0,0,59,4,2018-10-19 23:59:59.999999999,2767.780029296875,0.0002349257703155,0.0189179460011566,19.88999938964844,-0.0689593588696365
35,8,16,77,29,43,74,31,27,35,74,49,12,23,10,10,0,0,62,4,2018-10-26 23:59:59.999999999,2658.68994140625,-0.0402120671696018,0.0213546229617518,24.15999984741211,0.1944813045713629
45,6,16,57,52,52,73,28,21,39,84,64,12,26,9,8,0,17,71,5,2018-11-02 23:59:59.999999999,2723.06005859375,0.0239227712439042,0.0321763182630973,19.51000022888184,-0.2137712003843565
40,5,12,84,31,50,73,25,18,36,79,66,9,27,8,6,0,20,70,4,2018-11-09 23:59:59.999999999,2781.010009765625,0.0210579050985128,0.0295890804566734,17.360000610351562,-0.11675842197583
42,8,15,73,30,62,61,30,21,41,78,35,11,24,9,6,0,0,62,4,2018-11-16 23:59:59.999999999,2736.27001953125,-0.0162184883459659,0.0308923352313428,18.13999938964844,0.043950666649563
28,9,13,52,19,42,39,23,14,32,64,24,19,13,8,6,0,25,28,3,2018-11-23 23:59:59.999999999,2632.56005859375,-0.0386389071933957,0.0302619203451598,21.520000457763672,0.1708633455248629
48,7,17,54,35,54,69,35,19,42,81,44,21,21,10,6,0,0,61,4,2018-11-30 23:59:59.999999999,2760.169921875,0.0473354646843172,0.038272185059415,18.06999969482422,-0.1747296688495249
47,7,17,83,27,100,78,42,29,48,87,35,16,28,14,11,0,17,80,4,2018-12-07 23:59:59.999999999,2633.080078125,-0.04713795041466,0.0427071869221045,23.229999542236328,0.2511914393610018
66,6,17,76,28,59,77,43,26,66,86,32,15,23,12,9,0,0,75,4,2018-12-14 23:59:59.999999999,2599.949951171875,-0.012662098023153,0.042673312366096,21.6299991607666,-0.0713633259111496
31,27,27,35,22,42,49,31,13,43,74,27,11,16,16,18,0,44,56,4,2018-12-21 23:59:59.999999999,2416.6201171875,-0.073122277133369,0.0520850299560742,30.11000061035156,0.3307761615989116
0,34,28,26,30,40,21,13,5,31,55,16,0,7,11,27,0,67,21,4,2018-12-28 23:59:59.999999999,2485.739990234375,0.0282004798510763,0.0439043784068918,28.34000015258789,-0.0605831231176458
16,7,15,30,15,38,33,19,9,30,54,32,9,15,9,5,0,16,29,5,2019-01-04 23:59:59.999999999,2531.93994140625,0.0184153861662646,0.0456729191241164,21.3799991607666,-0.2818183733030233
30,5,18,29,21,48,56,26,18,29,68,37,16,19,9,7,0,0,65,6,2019-01-11 23:59:59.999999999,2596.260009765625,0.025086167494529,0.0486828938171314,18.190000534057617,-0.1615838444537117
27,4,16,43,22,33,64,27,21,29,71,36,15,17,10,7,0,0,55,6,2019-01-18 23:59:59.999999999,2670.7099609375,0.0282723883676913,0.0046301906916317,17.799999237060547,-0.0216736074537158
26,4,13,62,28,45,64,28,13,27,70,23,13,19,9,6,0,0,61,6,2019-01-25 23:59:59.999999999,2664.760009765625,-0.0022303390970261,0.0137072538769976,17.420000076293945,-0.0215794386322393
30,4,14,51,36,39,65,27,21,29,74,34,14,19,8,6,0,0,63,5,2019-02-01 23:59:59.999999999,2706.530029296875,0.0155533815023111,0.0137102995997418,16.139999389648438,-0.076318350778312
39,4,14,69,25,33,72,30,20,27,75,57,12,30,8,6,0,0,73,5,2019-02-08 23:59:59.999999999,2707.8798828125,0.0004986152011035,0.0141831058324039,15.720000267028809,-0.0263668210380943
30,4,14,49,26,44,64,28,21,32,79,43,18,21,9,6,0,15,55,4,2019-02-15 23:59:59.999999999,2775.60009765625,0.0247009775816269,0.0127314655322123,14.90999984741211,-0.0529016854449083
34,3,11,59,22,42,63,26,22,32,80,47,14,21,8,6,0,0,48,4,2019-02-22 23:59:59.999999999,2792.669921875,0.0061311242562017,0.0106513785868617,13.510000228881836,-0.0986019496289493
59,3,13,66,34,43,77,28,24,37,84,36,20,20,9,7,0,13,71,4,2019-03-01 23:59:59.999999999,2803.68994140625,0.003938286330376,0.0108399268879107,13.56999969482422,0.0044312824440056
47,4,17,53,29,52,77,31,27,36,82,42,19,21,10,7,0,0,55,4,2019-03-08 23:59:59.999999999,2743.070068359375,-0.0218586297588718,0.0191429743072425,16.049999237060547,0.1678473506830815
45,4,20,43,27,34,63,26,22,35,74,43,14,20,9,7,0,19,51,4,2019-03-15 23:59:59.999999999,2822.47998046875,0.0285381681251485,0.0206171101756394,12.880000114440918,-0.2200330724794833
27,4,15,53,20,40,65,30,20,31,78,38,18,17,10,7,0,0,56,4,2019-03-22 23:59:59.999999999,2800.7099609375,-0.0077429816613723,0.0213356073148753,16.479999542236328,0.2464717671430315
52,3,12,51,32,38,66,30,27,35,86,21,10,23,12,7,0,0,66,3,2019-03-29 23:59:59.999999999,2834.39990234375,0.0119572975966112,0.022101949011428,13.710000038146973,-0.1840220003477607
45,4,15,69,28,42,71,35,30,35,84,39,16,19,10,6,0,0,70,4,2019-04-05 23:59:59.999999999,2892.739990234375,0.020373906359085,0.0155654584613895,12.81999969482422,-0.067119068668782
38,3,14,49,21,43,75,38,33,39,87,36,16,27,10,6,0,0,59,5,2019-04-12 23:59:59.999999999,2907.409912109375,0.0050584737992424,0.0118867335155989,12.010000228881836,-0.0652667725383635
32,3,12,67,25,40,65,33,34,35,82,34,0,23,8,5,0,0,64,4,2019-04-19 23:59:59.999999999,2905.030029296875,-0.0008188929157063,0.0091282746268275,12.09000015258789,0.0066390220982041
45,3,14,67,30,52,77,35,35,41,85,39,13,29,9,6,0,0,61,5,2019-04-26 23:59:59.999999999,2939.8798828125,0.0119249969719239,0.0091249684697179,12.729999542236328,0.0515826993621732
46,3,13,46,24,55,90,37,29,41,91,52,19,40,9,7,0,0,82,4,2019-05-03 23:59:59.999999999,2945.639892578125,0.0019573501829687,0.0054831391965637,12.869999885559082,0.0109376361060926
45,4,11,40,23,52,77,36,21,36,83,40,12,33,9,7,0,0,78,4,2019-05-10 23:59:59.999999999,2881.39990234375,-0.0220498212594077,0.0142911776706569,16.040000915527344,0.2201866468001642
40,4,13,50,24,37,57,25,27,33,78,28,13,21,9,7,0,0,66,4,2019-05-17 23:59:59.999999999,2859.530029296875,-0.0076189673451031,0.014468092711045,15.960000038146973,-0.0050000651043074
16,3,12,21,16,38,47,27,18,27,65,29,12,14,7,5,0,0,68,3,2019-05-24 23:59:59.999999999,2826.06005859375,-0.0117737497153587,0.0099486290935759,15.850000381469728,-0.0069160700210439
25,3,9,40,23,32,38,17,13,26,59,18,8,13,8,4,0,0,55,3,2019-05-31 23:59:59.999999999,2752.06005859375,-0.0265337927429476,0.0087884625973062,18.709999084472656,0.1658885669627027
28,4,11,53,19,38,38,20,10,25,58,38,8,16,10,4,0,0,47,4,2019-06-07 23:59:59.999999999,2873.340087890625,0.0431254033288479,0.0303235379751808,16.299999237060547,-0.1378930303468685
24,4,10,46,15,39,37,18,11,24,58,30,12,15,8,3,0,0,30,3,2019-06-14 23:59:59.999999999,2886.97998046875,0.0047358195062741,0.0300115174345441,15.279999732971191,-0.0646202947439472
0,3,9,41,10,31,35,15,10,23,59,29,0,18,8,3,0,0,44,4,2019-06-21 23:59:59.999999999,2950.4599609375,0.0217501108744924,0.0294132580373574,15.399999618530272,0.0078227183861548
17,3,8,46,42,50,33,17,10,22,60,28,15,15,7,2,0,0,26,4,2019-06-28 23:59:59.999999999,2941.760009765625,-0.0029530321465882,0.0204383938439926,15.079999923706056,-0.0209981271282919
21,3,8,34,18,30,31,16,11,18,55,37,13,12,8,2,0,0,39,3,2019-07-05 23:59:59.999999999,2990.409912109375,0.0164024273440781,0.0111735964640595,13.279999732971191,-0.1271102335798331
25,3,10,42,15,34,34,15,12,24,58,38,0,14,8,2,0,0,37,4,2019-07-12 23:59:59.999999999,3013.77001953125,0.0077813208654278,0.0107941099377407,12.390000343322754,-0.0693694005899804
16,3,9,0,19,41,32,17,13,23,57,30,13,16,7,2,0,0,39,4,2019-07-19 23:59:59.999999999,2976.610107421875,-0.0124066880487449,0.0125534725180914,14.449999809265137,0.1538046780080805
19,3,8,32,15,37,30,18,13,22,58,26,11,17,8,3,0,0,40,3,2019-07-26 23:59:59.999999999,3025.860107421875,0.0164102789261859,0.0135914215440226,12.15999984741211,-0.1725425373691219
24,3,9,42,26,31,28,11,8,25,59,28,14,14,9,3,0,0,38,4,2019-08-02 23:59:59.999999999,2932.050048828125,-0.0314935303616128,0.0214360067787658,17.610000610351562,0.3703150931778127
15,4,9,36,22,31,24,15,12,21,48,29,12,11,11,5,0,0,24,4,2019-08-09 23:59:59.999999999,2918.64990234375,-0.0045807065914613,0.0198235289942855,17.969999313354492,0.0202367054173225
16,4,11,37,20,28,28,49,7,25,55,26,0,10,62,7,0,18,28,3,2019-08-16 23:59:59.999999999,2888.679931640625,-0.0103215204327238,0.0196966506152719,18.46999931335449,0.0274440944500788
22,3,9,47,27,35,37,47,11,20,56,34,11,8,42,4,0,0,38,4,2019-08-23 23:59:59.999999999,2847.110107421875,-0.0144951442724813,0.011583650012676,19.8700008392334,0.073063341765041
14,3,8,44,51,23,44,35,11,21,56,26,16,11,27,3,0,0,43,3,2019-08-30 23:59:59.999999999,2926.4599609375,0.0274890056617754,0.0190819358890745,18.979999542236328,-0.0458253297363608
16,3,7,48,25,37,45,28,10,23,57,35,12,16,15,3,0,0,47,3,2019-09-06 23:59:59.999999999,2978.7099609375,0.0176968196718724,0.0206699473803414,15.0,-0.235335567961359
25,2,9,51,21,41,60,32,12,27,67,35,16,16,15,3,0,0,57,3,2019-09-13 23:59:59.999999999,3007.389892578125,0.0095822494746856,0.0179376172494255,13.739999771118164,-0.0877389309660736
26,3,10,66,27,38,63,30,15,33,71,36,10,14,14,3,0,0,56,4,2019-09-20 23:59:59.999999999,2992.070068359375,-0.0051070788425777,0.0137861160592049,15.31999969482422,0.1088478742562184
30,3,8,62,48,27,70,33,16,31,71,36,12,17,13,3,0,0,63,3,2019-09-27 23:59:59.999999999,2961.7900390625,-0.0101716499281569,0.0128910770919948,17.219999313354492,0.1169123147323448
31,3,9,60,33,42,66,34,16,29,73,41,16,29,12,4,0,0,59,3,2019-10-04 23:59:59.999999999,2952.010009765625,-0.0033075309046822,0.0084070591830537,17.040000915527344,-0.0105078839954009
43,3,8,48,33,44,66,32,16,30,76,42,12,27,11,4,0,0,65,3,2019-10-11 23:59:59.999999999,2970.27001953125,0.006166566774626,0.0068300519787953,15.579999923706056,-0.0895755395836121
28,3,9,62,24,37,64,26,14,29,75,35,25,21,12,4,0,0,50,4,2019-10-18 23:59:59.999999999,2986.199951171875,0.0053487954100518,0.007747563813875,14.25,-0.089231128831027
29,3,10,71,26,44,62,29,14,27,80,38,13,26,11,5,0,0,44,3,2019-10-25 23:59:59.999999999,3022.550048828125,0.012099202362615,0.0063475116589342,12.649999618530272,-0.1190997216968403
39,3,10,61,43,37,68,29,16,33,75,42,14,21,11,5,0,0,66,3,2019-11-01 23:59:59.999999999,3066.909912109375,0.0145696492856028,0.0045015919307289,12.300000190734863,-0.028057907132548
37,3,12,63,28,43,65,28,18,31,87,43,11,25,11,5,0,15,62,3,2019-11-08 23:59:59.999999999,3093.080078125,0.0084968720751778,0.0040462023496888,12.06999969482422,-0.0188762680596574
38,3,12,60,23,45,61,34,19,34,81,34,16,23,9,5,0,0,55,3,2019-11-15 23:59:59.999999999,3120.4599609375,0.008813030850472,0.0028866943310737,12.050000190734863,-0.0016583340603304
50,4,13,65,28,48,62,34,16,36,81,41,14,24,10,6,0,0,73,4,2019-11-22 23:59:59.999999999,3110.2900390625,-0.0032644323416373,0.0074853473614297,12.34000015258789,0.0237813550772656
28,3,8,36,26,33,33,18,11,28,66,27,10,13,8,3,0,0,34,2,2019-11-29 23:59:59.999999999,3140.97998046875,0.0098188649277181,0.006179437608205,12.619999885559082,0.0224368172022997
41,3,12,54,25,50,66,29,19,39,78,51,20,26,10,6,0,0,84,4,2019-12-06 23:59:59.999999999,3145.909912109375,0.0015683216138172,0.0062045834837254,13.619999885559082,0.0762564442741009
54,3,12,60,26,50,68,34,20,37,81,37,21,27,9,6,0,0,75,4,2019-12-13 23:59:59.999999999,3168.800048828125,0.0072498142016621,0.0058596672490772,12.630000114440918,-0.075464346895511
36,3,15,45,20,27,52,23,15,25,69,49,18,22,8,6,0,23,78,4,2019-12-20 23:59:59.999999999,3221.219970703125,0.0164071779566796,0.0061536282096197,12.510000228881836,-0.0095466026487086
16,3,9,0,5,18,17,8,0,16,58,20,10,9,6,3,0,16,26,3,2019-12-27 23:59:59.999999999,3240.02001953125,0.0058193479615422,0.0062486527161904,13.43000030517578,0.0709626904838548
14,3,9,0,16,20,19,10,8,19,52,22,15,10,6,4,0,0,26,3,2020-01-03 23:59:59.999999999,3234.85009765625,-0.0015969194377969,0.0073904156955004,14.020000457763672,0.04299388099862
22,3,14,36,21,25,37,17,17,21,63,42,10,15,8,6,0,0,58,4,2020-01-10 23:59:59.999999999,3265.35009765625,0.0093843952247204,0.0074937140332216,12.5600004196167,-0.1099677198081797
26,3,13,25,18,36,53,23,16,25,69,40,11,21,8,6,0,19,53,4,2020-01-17 23:59:59.999999999,3329.6201171875,0.0194912341224423,0.0087658368117641,12.100000381469728,-0.0373117103199062
24,3,14,59,18,64,55,22,19,25,69,33,15,22,8,6,0,13,65,4,2020-01-24 23:59:59.999999999,3295.469970703125,-0.0103094293057398,0.0129720268860771,14.5600004196167,0.1850725874592491
28,3,13,60,33,36,70,25,16,26,75,32,8,20,8,8,0,0,66,4,2020-01-31 23:59:59.999999999,3225.52001953125,-0.0214546056412278,0.0185514940589073,18.84000015258789,0.2577042056589941
27,4,14,72,29,36,76,23,20,29,75,78,17,41,9,7,69,13,92,5,2020-02-07 23:59:59.999999999,3327.7099609375,0.0311901843852553,0.0246971887417495,15.470000267028809,-0.1970795954013137
41,3,16,46,28,39,76,30,26,32,83,96,16,23,9,7,0,0,84,4,2020-02-14 23:59:59.999999999,3380.159912109375,0.0156386516502752,0.0239947383488967,13.68000030517578,-0.1229677473434728
42,3,14,73,25,45,74,27,26,32,79,61,17,23,10,7,0,13,73,4,2020-02-21 23:59:59.999999999,3337.75,-0.01262609236268,0.0244709663559226,17.079999923706055,0.2219732493909898
30,9,21,79,46,49,79,41,23,51,82,46,22,24,20,28,0,36,91,4,2020-02-28 23:59:59.999999999,2954.219970703125,-0.1220622805812382,0.0691524620434916,40.11000061035156,0.8537175111053387
36,7,17,55,28,44,78,39,25,41,81,44,15,21,16,14,0,51,77,4,2020-03-06 23:59:59.999999999,2972.3701171875,0.0061250071147647,0.0636466912429941,41.93999862670898,0.0446142977306869
41,100,100,65,38,53,56,68,25,68,71,31,25,19,53,54,0,57,73,6,2020-03-13 23:59:59.999999999,2711.02001953125,-0.0920346987763553,0.0616458798653788,57.83000183105469,0.3212677111032485
60,18,30,45,25,51,47,100,58,100,62,22,81,33,100,35,0,23,58,51,2020-03-20 23:59:59.999999999,2304.919921875,-0.1622790202521715,0.0718102427346424,66.04000091552734,0.1327529290823122
54,15,42,61,32,52,55,71,67,79,81,30,74,65,44,17,0,72,70,76,2020-03-27 23:59:59.999999999,2541.469970703125,0.0976967074618287,0.1136149457640543,65.54000091552734,-0.0075999756754972
56,9,24,66,64,52,66,65,73,66,80,30,85,100,32,12,0,31,66,100,2020-04-03 23:59:59.999999999,2488.64990234375,-0.0210022867202119,0.1109105572195237,46.79999923706055,-0.3367774706181785
35,12,29,71,33,41,64,61,74,55,84,39,69,89,29,11,0,100,76,75,2020-04-10 23:59:59.999999999,2789.820068359375,0.114236746591452,0.1280169533031701,41.66999816894531,-0.1161017851289119
56,8,21,67,33,43,69,55,100,52,85,37,75,88,24,10,0,59,68,71,2020-04-17 23:59:59.999999999,2874.56005859375,0.0299225373161231,0.0625487689547828,38.150001525878906,-0.0882556037652729
35,6,18,84,34,54,71,57,94,51,86,37,85,77,19,10,0,40,100,62,2020-04-24 23:59:59.999999999,2836.739990234375,-0.013244137362898,0.0620260336323966,35.93000030517578,-0.0599531881082433
37,7,20,84,51,43,78,51,100,51,84,35,59,75,18,11,0,61,82,54,2020-05-01 23:59:59.999999999,2830.7099609375,-0.0021279522975054,0.0576737736936166,37.18999862670898,0.0344672613915787
38,6,17,96,34,46,68,55,87,47,89,30,100,64,16,9,0,35,96,44,2020-05-08 23:59:59.999999999,2929.800048828125,0.0344066281977036,0.0235224066215464,27.979999542236328,-0.2845499181336799
36,5,15,83,34,35,61,43,80,39,78,32,79,65,14,8,0,24,87,42,2020-05-15 23:59:59.999999999,2863.699951171875,-0.0228197000217424,0.0250393574639291,31.88999938964844,0.130802509005742
27,5,17,47,23,31,47,37,81,32,79,31,62,64,11,6,0,39,61,37,2020-05-22 23:59:59.999999999,2955.449951171875,0.0315364290487484,0.0275890890562324,28.15999984741211,-0.1243899360114508
22,5,13,44,35,19,32,27,66,26,63,29,43,58,8,6,0,49,35,37,2020-05-29 23:59:59.999999999,3044.31005859375,0.0296233867391631,0.0274081738582111,27.51000022888184,-0.0233529426148039
15,5,14,37,21,19,33,25,58,27,58,35,45,47,7,6,0,72,47,32,2020-06-05 23:59:59.999999999,3193.929931640625,0.047977818311354,0.0307246086071706,24.520000457763672,-0.1150604535194315
19,6,20,49,22,21,35,41,59,29,64,30,48,52,22,9,0,68,39,27,2020-06-12 23:59:59.999999999,3041.31005859375,-0.0489637491401752,0.0434595101638933,36.09000015258789,0.3865266931456777
20,4,13,30,19,21,31,22,47,22,59,26,38,43,8,6,0,52,39,28,2020-06-19 23:59:59.999999999,3097.739990234375,0.0183844472903844,0.0422772116657648,35.119998931884766,-0.0272450845290682
18,4,13,46,20,15,37,21,63,23,64,36,46,39,8,5,0,53,37,27,2020-06-26 23:59:59.999999999,3009.050048828125,-0.0290483796541332,0.0441481831048629,34.72999954223633,-0.0111668847782702
21,4,11,44,37,24,31,19,45,22,61,35,37,49,7,4,0,28,36,25,2020-07-03 23:59:59.999999999,3130.010009765625,0.0394117720019769,0.0409485938531622,27.68000030517578,-0.2268937118007358
19,4,13,52,21,18,31,17,49,22,64,29,28,45,7,5,0,27,41,26,2020-07-10 23:59:59.999999999,3185.0400390625,0.0174286575241983,0.0289008357179471,27.290000915527344,-0.0141897735062699
15,4,11,33,20,23,34,21,44,25,69,18,32,55,8,7,0,16,32,26,2020-07-17 23:59:59.999999999,3224.72998046875,0.0123843596766684,0.0285814078817387,25.68000030517578,-0.0608078775627829
17,4,11,44,18,23,29,18,45,26,66,34,21,50,8,6,0,17,38,29,2020-07-24 23:59:59.999999999,3215.6298828125,-0.0028259612523487,0.0174757280128051,25.84000015258789,0.0062111941139528
18,4,10,62,27,24,28,21,54,25,69,26,27,54,8,5,0,15,33,28,2020-07-31 23:59:59.999999999,3271.1201171875,0.0171092112333001,0.0095170275275386,24.459999084472656,-0.0548845919900521
27,4,11,35,16,16,25,14,45,24,64,23,27,51,7,5,0,17,29,24,2020-08-07 23:59:59.999999999,3351.280029296875,0.0242099014166318,0.0114465798960787,22.209999084472656,-0.09649649614452
18,4,11,28,15,19,24,14,37,25,61,38,26,49,8,5,0,33,19,26,2020-08-14 23:59:59.999999999,3372.85009765625,0.0064157420931924,0.0118854260980048,22.049999237060547,-0.0072300293925073
15,4,13,39,13,15,33,16,40,21,59,47,30,51,7,5,0,22,39,21,2020-08-21 23:59:59.999999999,3397.159912109375,0.0071816493333768,0.0085171721517293,22.540000915527344,0.0219789819370982
0,4,11,32,34,18,46,17,47,22,79,60,28,43,6,5,0,29,47,22,2020-08-28 23:59:59.999999999,3508.010009765625,0.0321091653366645,0.0127511813553362,22.959999084472656,0.0184619823469565
12,4,15,46,20,23,62,25,44,23,72,39,36,50,8,9,0,26,60,18,2020-09-04 23:59:59.999999999,3426.9599609375,-0.0233753685073933,0.0226970900704489,30.75,0.2921364626760463
19,4,12,60,21,22,63,25,38,25,69,34,29,40,7,6,0,0,62,17,2020-09-11 23:59:59.999999999,3340.969970703125,-0.0254123841915945,0.0273996578503034,26.8700008392334,-0.1348795403920274
18,4,11,65,18,21,77,32,44,25,80,41,24,43,7,6,0,17,84,16,2020-09-18 23:59:59.999999999,3319.469970703125,-0.0064560524130101,0.0266525379976643,25.82999992370605,-0.0394738497064455
23,4,11,62,22,32,80,31,38,26,77,46,23,44,7,5,0,0,85,15,2020-09-25 23:59:59.999999999,3298.4599609375,-0.0063494417644783,0.0104205107271035,26.3799991607666,0.0210695113218693
28,3,10,57,36,27,79,33,92,26,74,60,46,48,9,4,0,17,84,14,2020-10-02 23:59:59.999999999,3348.419921875,0.0150328884157139,0.0165266157870276,27.6299991607666,0.0462959930854094
18,4,11,61,23,38,82,31,78,29,77,68,38,39,7,6,0,0,68,13,2020-10-09 23:59:59.999999999,3477.139892578125,0.0377215164612414,0.0210706564936213,25.0,-0.1000262836931319
40,4,11,51,25,24,70,30,51,28,73,55,22,36,7,7,0,27,68,12,2020-10-16 23:59:59.999999999,3483.81005859375,0.001916453387519,0.019228008385517,27.40999984741211,0.0920320798796242
27,4,11,80,21,25,75,36,46,26,76,39,33,40,7,6,0,17,89,13,2020-10-23 23:59:59.999999999,3465.389892578125,-0.005301389882631,0.0188974598332929,27.549999237060547,0.0050946031581959
31,3,10,86,29,27,75,35,49,27,72,68,36,32,8,7,0,37,77,10,2020-10-30 23:59:59.999999999,3269.9599609375,-0.0580474089496077,0.0395121971269715,38.02000045776367,0.3221098411943376
20,3,10,70,20,18,62,27,34,22,62,49,27,34,7,6,0,41,75,10,2020-11-06 23:59:59.999999999,3509.43994140625,0.0706787234210885,0.0528374465761151,24.86000061035156,-0.4248522384662425
44,3,15,86,28,32,66,34,35,26,72,45,24,34,8,6,0,29,87,11,2020-11-13 23:59:59.999999999,3585.14990234375,0.0213438230476926,0.0536752618260827,23.100000381469727,-0.0734274765925272
41,4,14,81,26,37,63,35,34,30,79,24,23,39,10,6,0,15,76,12,2020-11-20 23:59:59.999999999,3557.5400390625,-0.0077309811914821,0.0538767777659785,23.700000762939453,0.0256424462910344
24,4,12,52,20,26,34,19,25,21,61,25,22,26,7,6,0,27,41,9,2020-11-27 23:59:59.999999999,3638.35009765625,0.0224610032662729,0.0324873192798565,20.84000015258789,-0.1286008561255812
34,4,13,70,21,28,55,32,45,30,73,35,20,43,7,7,0,19,71,11,2020-12-04 23:59:59.999999999,3699.1201171875,0.0165646761881178,0.014159902730096,20.790000915527344,-0.002402078300212
41,4,15,72,24,30,60,36,37,31,88,29,21,37,7,8,0,0,74,12,2020-12-11 23:59:59.999999999,3663.4599609375,-0.0096869398292691,0.0164900599579669,23.309999465942383,0.1144102842297409
22,3,12,62,20,20,55,26,37,23,86,41,27,34,6,6,0,0,76,12,2020-12-18 23:59:59.999999999,3709.409912109375,0.0124647652542294,0.014038151421444,21.56999969482422,-0.0775789838836644
13,3,10,20,12,18,15,6,23,14,61,18,0,28,4,5,0,25,22,13,2020-12-25 23:59:59.999999999,3703.06005859375,-0.0017132899273742,0.0122315678952255,21.530000686645508,-0.0018561029841359
0,3,11,24,6,14,11,8,21,13,60,18,9,30,4,7,0,17,22,14,2021-01-01 23:59:59.999999999,3732.0400390625,0.0077954908062118,0.0098874870224594,22.770000457763672,0.055996556910684
